Workbook

Sheet Reporting
A1: Compliance reporting and case backlog
A3: FICTIONAL DATA / 29 Jun - 20 Sep 2026 / Prepared by Erochukwu Amajoyi
A4: Cutoff (exclusive) | B4: 46286 | C4: Midnight UTC. Snapshot includes all activity before this timestamp.
A6: Total cases | C6: Open backlog | E6: Overdue open | G6: On-time due cohort
A7: =COUNTIF(Cases!$E$6:$E$1205,"<"&$B$4) -> 1200 | C7: =SUM(Cases!$I$6:$I$1205) -> 266 | E7: =SUM(Cases!$J$6:$J$1205) -> 157 | G7: =IF(SUM(Cases!$K$6:$K$1205)=0,"n.a.",SUM(Cases!$L$6:$L$1205)/SUM(Cases!$K$6:$K$1205)) -> 0.33921933
A10: ="Due cohort: "&SUM(Cases!$L$6:$L$1205)&" on time / "&SUM(Cases!$K$6:$K$1205)&" due. Open due cases remain in the denominator. Mean resolution: "&TEXT(AVERAGE(Cases!$N$6:$N$1205),"0.0")&" days across "&SUM(Cases!$M$6:$M$1205)&" closed cases. Illustrative data, not Wren results." -> Due cohort: 365 on time / 1076 due. Open due cases remain in the denominator. Mean resolution: 10.2 days across 934 closed cases. Illustrative data, not Wren results.
A13: Department | B13: Cases | C13: Open | D13: Overdue
A14: Customer Services | B14: =COUNTIFS(Cases!$B$6:$B$1205,A14,Cases!$E$6:$E$1205,"<"&$B$4) -> 500 | C14: =SUMIFS(Cases!$I$6:$I$1205,Cases!$B$6:$B$1205,A14) -> 88 | D14: =SUMIFS(Cases!$J$6:$J$1205,Cases!$B$6:$B$1205,A14) -> 49
A15: Warehouse | B15: =COUNTIFS(Cases!$B$6:$B$1205,A15,Cases!$E$6:$E$1205,"<"&$B$4) -> 341 | C15: =SUMIFS(Cases!$I$6:$I$1205,Cases!$B$6:$B$1205,A15) -> 99 | D15: =SUMIFS(Cases!$J$6:$J$1205,Cases!$B$6:$B$1205,A15) -> 56
A16: Installation | B16: =COUNTIFS(Cases!$B$6:$B$1205,A16,Cases!$E$6:$E$1205,"<"&$B$4) -> 359 | C16: =SUMIFS(Cases!$I$6:$I$1205,Cases!$B$6:$B$1205,A16) -> 79 | D16: =SUMIFS(Cases!$J$6:$J$1205,Cases!$B$6:$B$1205,A16) -> 52
A17: Total | B17: =SUM(B14:B16) -> 1200 | C17: =SUM(C14:C16) -> 266 | D17: =SUM(D14:D16) -> 157
A19: Review the oldest overdue cases first; compare workload and resolution by department before changing targets. The fixture intentionally slows some Warehouse cases; this is not a causal finding.
A23: Week starting | B23: Opened | C23: Closed | D23: Closing backlog
A24: 46202 | B24: =COUNTIFS(Cases!$E$6:$E$1205,">="&A24,Cases!$E$6:$E$1205,"<"&A24+7) -> 97 | C24: =COUNTIFS(Cases!$G$6:$G$1205,">="&A24,Cases!$G$6:$G$1205,"<"&A24+7) -> 15 | D24: =COUNTIF(Cases!$E$6:$E$1205,"<"&A24+7)-COUNTIFS(Cases!$G$6:$G$1205,">=1",Cases!$G$6:$G$1205,"<"&A24+7) -> 82
A25: 46209 | B25: =COUNTIFS(Cases!$E$6:$E$1205,">="&A25,Cases!$E$6:$E$1205,"<"&A25+7) -> 94 | C25: =COUNTIFS(Cases!$G$6:$G$1205,">="&A25,Cases!$G$6:$G$1205,"<"&A25+7) -> 41 | D25: =COUNTIF(Cases!$E$6:$E$1205,"<"&A25+7)-COUNTIFS(Cases!$G$6:$G$1205,">=1",Cases!$G$6:$G$1205,"<"&A25+7) -> 135
A26: 46216 | B26: =COUNTIFS(Cases!$E$6:$E$1205,">="&A26,Cases!$E$6:$E$1205,"<"&A26+7) -> 106 | C26: =COUNTIFS(Cases!$G$6:$G$1205,">="&A26,Cases!$G$6:$G$1205,"<"&A26+7) -> 94 | D26: =COUNTIF(Cases!$E$6:$E$1205,"<"&A26+7)-COUNTIFS(Cases!$G$6:$G$1205,">=1",Cases!$G$6:$G$1205,"<"&A26+7) -> 147
A27: 46223 | B27: =COUNTIFS(Cases!$E$6:$E$1205,">="&A27,Cases!$E$6:$E$1205,"<"&A27+7) -> 112 | C27: =COUNTIFS(Cases!$G$6:$G$1205,">="&A27,Cases!$G$6:$G$1205,"<"&A27+7) -> 103 | D27: =COUNTIF(Cases!$E$6:$E$1205,"<"&A27+7)-COUNTIFS(Cases!$G$6:$G$1205,">=1",Cases!$G$6:$G$1205,"<"&A27+7) -> 156
A28: 46230 | B28: =COUNTIFS(Cases!$E$6:$E$1205,">="&A28,Cases!$E$6:$E$1205,"<"&A28+7) -> 111 | C28: =COUNTIFS(Cases!$G$6:$G$1205,">="&A28,Cases!$G$6:$G$1205,"<"&A28+7) -> 87 | D28: =COUNTIF(Cases!$E$6:$E$1205,"<"&A28+7)-COUNTIFS(Cases!$G$6:$G$1205,">=1",Cases!$G$6:$G$1205,"<"&A28+7) -> 180
A29: 46237 | B29: =COUNTIFS(Cases!$E$6:$E$1205,">="&A29,Cases!$E$6:$E$1205,"<"&A29+7) -> 100 | C29: =COUNTIFS(Cases!$G$6:$G$1205,">="&A29,Cases!$G$6:$G$1205,"<"&A29+7) -> 109 | D29: =COUNTIF(Cases!$E$6:$E$1205,"<"&A29+7)-COUNTIFS(Cases!$G$6:$G$1205,">=1",Cases!$G$6:$G$1205,"<"&A29+7) -> 171
A30: 46244 | B30: =COUNTIFS(Cases!$E$6:$E$1205,">="&A30,Cases!$E$6:$E$1205,"<"&A30+7) -> 94 | C30: =COUNTIFS(Cases!$G$6:$G$1205,">="&A30,Cases!$G$6:$G$1205,"<"&A30+7) -> 95 | D30: =COUNTIF(Cases!$E$6:$E$1205,"<"&A30+7)-COUNTIFS(Cases!$G$6:$G$1205,">=1",Cases!$G$6:$G$1205,"<"&A30+7) -> 170
A31: 46251 | B31: =COUNTIFS(Cases!$E$6:$E$1205,">="&A31,Cases!$E$6:$E$1205,"<"&A31+7) -> 105 | C31: =COUNTIFS(Cases!$G$6:$G$1205,">="&A31,Cases!$G$6:$G$1205,"<"&A31+7) -> 67 | D31: =COUNTIF(Cases!$E$6:$E$1205,"<"&A31+7)-COUNTIFS(Cases!$G$6:$G$1205,">=1",Cases!$G$6:$G$1205,"<"&A31+7) -> 208 | E31: Backlog is a point-in-time stock. Do not sum weekly or monthly backlog balances.
A32: 46258 | B32: =COUNTIFS(Cases!$E$6:$E$1205,">="&A32,Cases!$E$6:$E$1205,"<"&A32+7) -> 91 | C32: =COUNTIFS(Cases!$G$6:$G$1205,">="&A32,Cases!$G$6:$G$1205,"<"&A32+7) -> 73 | D32: =COUNTIF(Cases!$E$6:$E$1205,"<"&A32+7)-COUNTIFS(Cases!$G$6:$G$1205,">=1",Cases!$G$6:$G$1205,"<"&A32+7) -> 226
A33: 46265 | B33: =COUNTIFS(Cases!$E$6:$E$1205,">="&A33,Cases!$E$6:$E$1205,"<"&A33+7) -> 94 | C33: =COUNTIFS(Cases!$G$6:$G$1205,">="&A33,Cases!$G$6:$G$1205,"<"&A33+7) -> 82 | D33: =COUNTIF(Cases!$E$6:$E$1205,"<"&A33+7)-COUNTIFS(Cases!$G$6:$G$1205,">=1",Cases!$G$6:$G$1205,"<"&A33+7) -> 238
A34: 46272 | B34: =COUNTIFS(Cases!$E$6:$E$1205,">="&A34,Cases!$E$6:$E$1205,"<"&A34+7) -> 97 | C34: =COUNTIFS(Cases!$G$6:$G$1205,">="&A34,Cases!$G$6:$G$1205,"<"&A34+7) -> 88 | D34: =COUNTIF(Cases!$E$6:$E$1205,"<"&A34+7)-COUNTIFS(Cases!$G$6:$G$1205,">=1",Cases!$G$6:$G$1205,"<"&A34+7) -> 247
A35: 46279 | B35: =COUNTIFS(Cases!$E$6:$E$1205,">="&A35,Cases!$E$6:$E$1205,"<"&A35+7) -> 99 | C35: =COUNTIFS(Cases!$G$6:$G$1205,">="&A35,Cases!$G$6:$G$1205,"<"&A35+7) -> 80 | D35: =COUNTIF(Cases!$E$6:$E$1205,"<"&A35+7)-COUNTIFS(Cases!$G$6:$G$1205,">=1",Cases!$G$6:$G$1205,"<"&A35+7) -> 266
A38: Month / coverage | B38: Opened | C38: Closed | D38: Closing backlog | E38: Partial month?
A39: Jun 29-30 | B39: 29 | C39: 1 | D39: 28 | E39: Yes
A40: Jul 01-31 | B40: 456 | C40: 313 | D40: 171 | E40: No
A41: Aug 01-31 | B41: 442 | C41: 383 | D41: 230 | E41: No
A42: Sep 01-20 | B42: 273 | C42: 237 | D42: 266 | E42: Yes
A44: Monthly figures are validated MySQL outputs. June and September are partial months and should not be compared directly with full months. Weekly rows are complete seven-day periods.
A48: Refresh: rerun the Python validation/query pipeline, then rebuild this workbook. Tables support filtering; native Pivot is on its own tab. This file is not connected to live systems and has no deployed scheduler or email delivery.

Sheet Pivot
A1: Case volume by department
A3: Counts of all 1,200 cases. Use the PivotTable field list to rearrange Department and Category in desktop Excel. The current layout counts Case ID by Department.
A6: Department | B6: Case count | D6: Source: Cases!A5:C1205. Native Pivot cache contains Department, Category and Case ID. After source edits, Refresh the PivotTable. If source row count changes, rebuild this workbook to extend the cache range.
A7: Customer Services | B7: 500
A8: Warehouse | B8: 341
A9: Installation | B9: 359
A10: Grand Total | B10: 1200
A14: Refresh after source edits. The PivotTable counts all cases in the extract; dashboard status measures use the snapshot cutoff. Calculation and cache checks are documented in the project README. Native Excel Desktop refresh remains unverified.
D20: Chart source / week | E20: Closing backlog
D21: 29 Jun | E21: =Reporting!D24 -> 82
D22: 06 Jul | E22: =Reporting!D25 -> 135
D23: 13 Jul | E23: =Reporting!D26 -> 147
D24: 20 Jul | E24: =Reporting!D27 -> 156
D25: 27 Jul | E25: =Reporting!D28 -> 180
D26: 03 Aug | E26: =Reporting!D29 -> 171
D27: 10 Aug | E27: =Reporting!D30 -> 170
D28: 17 Aug | E28: =Reporting!D31 -> 208
D29: 24 Aug | E29: =Reporting!D32 -> 226
D30: 31 Aug | E30: =Reporting!D33 -> 238
D31: 07 Sept | E31: =Reporting!D34 -> 247
D32: 14 Sept | E32: =Reporting!D35 -> 266

Sheet Cases
A1: Operational case register
A3: One row per case. A:H are inputs; I:O are formula-derived. Blank Closed = still open. Dates are UTC. Filters do not change headline KPIs.
A5: Case ID | B5: Department | C5: Category | D5: Priority | E5: Opened | F5: Due | G5: Closed | H5: Dept ID | I5: Open flag | J5: Overdue flag | K5: Due flag | L5: On-time flag | M5: Closed flag | N5: Resolution days | O5: Status
A6: CASE-00001 | B6: Customer Services | C6: Missing evidence | D6: High | E6: 46234.375 | F6: 46237.375 | G6: 46251.375 | H6: 1 | I6: =IF(AND(E6<Reporting!$B$4,OR(G6="",G6>=Reporting!$B$4)),1,0) -> 0 | J6: =IF(AND(I6=1,F6<Reporting!$B$4),1,0) -> 0 | K6: =IF(F6<Reporting!$B$4,1,0) -> 1 | L6: =IF(AND(K6=1,G6<>"",G6<=F6),1,0) -> 0 | M6: =IF(AND(G6<>"",G6<Reporting!$B$4),1,0) -> 1 | N6: =IF(M6=1,G6-E6,"") -> 17 | O6: =IF(E6>=Reporting!$B$4,"Outside cutoff",IF(M6=1,"Closed",IF(J6=1,"Overdue","Open - within SLA"))) -> Closed
A7: CASE-00002 | B7: Installation | C7: Record mismatch | D7: Medium | E7: 46230.583 | F7: 46237.583 | G7: 46242.583 | H7: 3 | I7: =IF(AND(E7<Reporting!$B$4,OR(G7="",G7>=Reporting!$B$4)),1,0) -> 0 | J7: =IF(AND(I7=1,F7<Reporting!$B$4),1,0) -> 0 | K7: =IF(F7<Reporting!$B$4,1,0) -> 1 | L7: =IF(AND(K7=1,G7<>"",G7<=F7),1,0) -> 0 | M7: =IF(AND(G7<>"",G7<Reporting!$B$4),1,0) -> 1 | N7: =IF(M7=1,G7-E7,"") -> 12 | O7: =IF(E7>=Reporting!$B$4,"Outside cutoff",IF(M7=1,"Closed",IF(J7=1,"Overdue","Open - within SLA"))) -> Closed
A8: CASE-00003 | B8: Customer Services | C8: Record mismatch | D8: High | E8: 46230.5 | F8: 46233.5 | G8: 46233.5 | H8: 1 | I8: =IF(AND(E8<Reporting!$B$4,OR(G8="",G8>=Reporting!$B$4)),1,0) -> 0 | J8: =IF(AND(I8=1,F8<Reporting!$B$4),1,0) -> 0 | K8: =IF(F8<Reporting!$B$4,1,0) -> 1 | L8: =IF(AND(K8=1,G8<>"",G8<=F8),1,0) -> 1 | M8: =IF(AND(G8<>"",G8<Reporting!$B$4),1,0) -> 1 | N8: =IF(M8=1,G8-E8,"") -> 3 | O8: =IF(E8>=Reporting!$B$4,"Outside cutoff",IF(M8=1,"Closed",IF(J8=1,"Overdue","Open - within SLA"))) -> Closed
A9: CASE-00004 | B9: Customer Services | C9: Record mismatch | D9: Low | E9: 46210.625 | F9: 46224.625 | G9: 46223.625 | H9: 1 | I9: =IF(AND(E9<Reporting!$B$4,OR(G9="",G9>=Reporting!$B$4)),1,0) -> 0 | J9: =IF(AND(I9=1,F9<Reporting!$B$4),1,0) -> 0 | K9: =IF(F9<Reporting!$B$4,1,0) -> 1 | L9: =IF(AND(K9=1,G9<>"",G9<=F9),1,0) -> 1 | M9: =IF(AND(G9<>"",G9<Reporting!$B$4),1,0) -> 1 | N9: =IF(M9=1,G9-E9,"") -> 13 | O9: =IF(E9>=Reporting!$B$4,"Outside cutoff",IF(M9=1,"Closed",IF(J9=1,"Overdue","Open - within SLA"))) -> Closed
A10: CASE-00005 | B10: Installation | C10: Late review | D10: High | E10: 46245.667 | F10: 46248.667 | G10: 46257.667 | H10: 3 | I10: =IF(AND(E10<Reporting!$B$4,OR(G10="",G10>=Reporting!$B$4)),1,0) -> 0 | J10: =IF(AND(I10=1,F10<Reporting!$B$4),1,0) -> 0 | K10: =IF(F10<Reporting!$B$4,1,0) -> 1 | L10: =IF(AND(K10=1,G10<>"",G10<=F10),1,0) -> 0 | M10: =IF(AND(G10<>"",G10<Reporting!$B$4),1,0) -> 1 | N10: =IF(M10=1,G10-E10,"") -> 12 | O10: =IF(E10>=Reporting!$B$4,"Outside cutoff",IF(M10=1,"Closed",IF(J10=1,"Overdue","Open - within SLA"))) -> Closed
A11: CASE-00006 | B11: Customer Services | C11: Process deviation | D11: Medium | E11: 46223.417 | F11: 46230.417 | G11: 46240.5 | H11: 1 | I11: =IF(AND(E11<Reporting!$B$4,OR(G11="",G11>=Reporting!$B$4)),1,0) -> 0 | J11: =IF(AND(I11=1,F11<Reporting!$B$4),1,0) -> 0 | K11: =IF(F11<Reporting!$B$4,1,0) -> 1 | L11: =IF(AND(K11=1,G11<>"",G11<=F11),1,0) -> 0 | M11: =IF(AND(G11<>"",G11<Reporting!$B$4),1,0) -> 1 | N11: =IF(M11=1,G11-E11,"") -> 17.083333 | O11: =IF(E11>=Reporting!$B$4,"Outside cutoff",IF(M11=1,"Closed",IF(J11=1,"Overdue","Open - within SLA"))) -> Closed
A12: CASE-00007 | B12: Customer Services | C12: Late review | D12: Medium | E12: 46227.458 | F12: 46234.458 | G12: 46232.458 | H12: 1 | I12: =IF(AND(E12<Reporting!$B$4,OR(G12="",G12>=Reporting!$B$4)),1,0) -> 0 | J12: =IF(AND(I12=1,F12<Reporting!$B$4),1,0) -> 0 | K12: =IF(F12<Reporting!$B$4,1,0) -> 1 | L12: =IF(AND(K12=1,G12<>"",G12<=F12),1,0) -> 1 | M12: =IF(AND(G12<>"",G12<Reporting!$B$4),1,0) -> 1 | N12: =IF(M12=1,G12-E12,"") -> 5 | O12: =IF(E12>=Reporting!$B$4,"Outside cutoff",IF(M12=1,"Closed",IF(J12=1,"Overdue","Open - within SLA"))) -> Closed
A13: CASE-00008 | B13: Warehouse | C13: Process deviation | D13: Medium | E13: 46254.542 | F13: 46261.542 | G13: 46276.625 | H13: 2 | I13: =IF(AND(E13<Reporting!$B$4,OR(G13="",G13>=Reporting!$B$4)),1,0) -> 0 | J13: =IF(AND(I13=1,F13<Reporting!$B$4),1,0) -> 0 | K13: =IF(F13<Reporting!$B$4,1,0) -> 1 | L13: =IF(AND(K13=1,G13<>"",G13<=F13),1,0) -> 0 | M13: =IF(AND(G13<>"",G13<Reporting!$B$4),1,0) -> 1 | N13: =IF(M13=1,G13-E13,"") -> 22.083333 | O13: =IF(E13>=Reporting!$B$4,"Outside cutoff",IF(M13=1,"Closed",IF(J13=1,"Overdue","Open - within SLA"))) -> Closed
A14: CASE-00009 | B14: Installation | C14: Late review | D14: Medium | E14: 46233.542 | F14: 46240.542 | G14: 46247.583 | H14: 3 | I14: =IF(AND(E14<Reporting!$B$4,OR(G14="",G14>=Reporting!$B$4)),1,0) -> 0 | J14: =IF(AND(I14=1,F14<Reporting!$B$4),1,0) -> 0 | K14: =IF(F14<Reporting!$B$4,1,0) -> 1 | L14: =IF(AND(K14=1,G14<>"",G14<=F14),1,0) -> 0 | M14: =IF(AND(G14<>"",G14<Reporting!$B$4),1,0) -> 1 | N14: =IF(M14=1,G14-E14,"") -> 14.041667 | O14: =IF(E14>=Reporting!$B$4,"Outside cutoff",IF(M14=1,"Closed",IF(J14=1,"Overdue","Open - within SLA"))) -> Closed
A15: CASE-00010 | B15: Customer Services | C15: Record mismatch | D15: Medium | E15: 46261.542 | F15: 46268.542 | H15: 1 | I15: =IF(AND(E15<Reporting!$B$4,OR(G15="",G15>=Reporting!$B$4)),1,0) -> 1 | J15: =IF(AND(I15=1,F15<Reporting!$B$4),1,0) -> 1 | K15: =IF(F15<Reporting!$B$4,1,0) -> 1 | L15: =IF(AND(K15=1,G15<>"",G15<=F15),1,0) -> 0 | M15: =IF(AND(G15<>"",G15<Reporting!$B$4),1,0) -> 0 | N15: =IF(M15=1,G15-E15,"") | O15: =IF(E15>=Reporting!$B$4,"Outside cutoff",IF(M15=1,"Closed",IF(J15=1,"Overdue","Open - within SLA"))) -> Overdue
A16: CASE-00011 | B16: Customer Services | C16: Process deviation | D16: High | E16: 46257.5 | F16: 46260.5 | G16: 46270.542 | H16: 1 | I16: =IF(AND(E16<Reporting!$B$4,OR(G16="",G16>=Reporting!$B$4)),1,0) -> 0 | J16: =IF(AND(I16=1,F16<Reporting!$B$4),1,0) -> 0 | K16: =IF(F16<Reporting!$B$4,1,0) -> 1 | L16: =IF(AND(K16=1,G16<>"",G16<=F16),1,0) -> 0 | M16: =IF(AND(G16<>"",G16<Reporting!$B$4),1,0) -> 1 | N16: =IF(M16=1,G16-E16,"") -> 13.041667 | O16: =IF(E16>=Reporting!$B$4,"Outside cutoff",IF(M16=1,"Closed",IF(J16=1,"Overdue","Open - within SLA"))) -> Closed
A17: CASE-00012 | B17: Warehouse | C17: Record mismatch | D17: Medium | E17: 46247.583 | F17: 46254.583 | G17: 46274.583 | H17: 2 | I17: =IF(AND(E17<Reporting!$B$4,OR(G17="",G17>=Reporting!$B$4)),1,0) -> 0 | J17: =IF(AND(I17=1,F17<Reporting!$B$4),1,0) -> 0 | K17: =IF(F17<Reporting!$B$4,1,0) -> 1 | L17: =IF(AND(K17=1,G17<>"",G17<=F17),1,0) -> 0 | M17: =IF(AND(G17<>"",G17<Reporting!$B$4),1,0) -> 1 | N17: =IF(M17=1,G17-E17,"") -> 27 | O17: =IF(E17>=Reporting!$B$4,"Outside cutoff",IF(M17=1,"Closed",IF(J17=1,"Overdue","Open - within SLA"))) -> Closed
A18: CASE-00013 | B18: Customer Services | C18: Late review | D18: Medium | E18: 46242.417 | F18: 46249.417 | G18: 46258.417 | H18: 1 | I18: =IF(AND(E18<Reporting!$B$4,OR(G18="",G18>=Reporting!$B$4)),1,0) -> 0 | J18: =IF(AND(I18=1,F18<Reporting!$B$4),1,0) -> 0 | K18: =IF(F18<Reporting!$B$4,1,0) -> 1 | L18: =IF(AND(K18=1,G18<>"",G18<=F18),1,0) -> 0 | M18: =IF(AND(G18<>"",G18<Reporting!$B$4),1,0) -> 1 | N18: =IF(M18=1,G18-E18,"") -> 16 | O18: =IF(E18>=Reporting!$B$4,"Outside cutoff",IF(M18=1,"Closed",IF(J18=1,"Overdue","Open - within SLA"))) -> Closed
A19: CASE-00014 | B19: Customer Services | C19: Record mismatch | D19: Medium | E19: 46220.542 | F19: 46227.542 | G19: 46236.542 | H19: 1 | I19: =IF(AND(E19<Reporting!$B$4,OR(G19="",G19>=Reporting!$B$4)),1,0) -> 0 | J19: =IF(AND(I19=1,F19<Reporting!$B$4),1,0) -> 0 | K19: =IF(F19<Reporting!$B$4,1,0) -> 1 | L19: =IF(AND(K19=1,G19<>"",G19<=F19),1,0) -> 0 | M19: =IF(AND(G19<>"",G19<Reporting!$B$4),1,0) -> 1 | N19: =IF(M19=1,G19-E19,"") -> 16 | O19: =IF(E19>=Reporting!$B$4,"Outside cutoff",IF(M19=1,"Closed",IF(J19=1,"Overdue","Open - within SLA"))) -> Closed
A20: CASE-00015 | B20: Customer Services | C20: Record mismatch | D20: Low | E20: 46239.375 | F20: 46253.375 | G20: 46241.375 | H20: 1 | I20: =IF(AND(E20<Reporting!$B$4,OR(G20="",G20>=Reporting!$B$4)),1,0) -> 0 | J20: =IF(AND(I20=1,F20<Reporting!$B$4),1,0) -> 0 | K20: =IF(F20<Reporting!$B$4,1,0) -> 1 | L20: =IF(AND(K20=1,G20<>"",G20<=F20),1,0) -> 1 | M20: =IF(AND(G20<>"",G20<Reporting!$B$4),1,0) -> 1 | N20: =IF(M20=1,G20-E20,"") -> 2 | O20: =IF(E20>=Reporting!$B$4,"Outside cutoff",IF(M20=1,"Closed",IF(J20=1,"Overdue","Open - within SLA"))) -> Closed
A21: CASE-00016 | B21: Customer Services | C21: Missing evidence | D21: Medium | E21: 46268.375 | F21: 46275.375 | G21: 46269.417 | H21: 1 | I21: =IF(AND(E21<Reporting!$B$4,OR(G21="",G21>=Reporting!$B$4)),1,0) -> 0 | J21: =IF(AND(I21=1,F21<Reporting!$B$4),1,0) -> 0 | K21: =IF(F21<Reporting!$B$4,1,0) -> 1 | L21: =IF(AND(K21=1,G21<>"",G21<=F21),1,0) -> 1 | M21: =IF(AND(G21<>"",G21<Reporting!$B$4),1,0) -> 1 | N21: =IF(M21=1,G21-E21,"") -> 1.0416667 | O21: =IF(E21>=Reporting!$B$4,"Outside cutoff",IF(M21=1,"Closed",IF(J21=1,"Overdue","Open - within SLA"))) -> Closed
A22: CASE-00017 | B22: Customer Services | C22: Missing evidence | D22: Medium | E22: 46229.625 | F22: 46236.625 | G22: 46237.667 | H22: 1 | I22: =IF(AND(E22<Reporting!$B$4,OR(G22="",G22>=Reporting!$B$4)),1,0) -> 0 | J22: =IF(AND(I22=1,F22<Reporting!$B$4),1,0) -> 0 | K22: =IF(F22<Reporting!$B$4,1,0) -> 1 | L22: =IF(AND(K22=1,G22<>"",G22<=F22),1,0) -> 0 | M22: =IF(AND(G22<>"",G22<Reporting!$B$4),1,0) -> 1 | N22: =IF(M22=1,G22-E22,"") -> 8.0416667 | O22: =IF(E22>=Reporting!$B$4,"Outside cutoff",IF(M22=1,"Closed",IF(J22=1,"Overdue","Open - within SLA"))) -> Closed
A23: CASE-00018 | B23: Warehouse | C23: Record mismatch | D23: Medium | E23: 46264.625 | F23: 46271.625 | G23: 46275.667 | H23: 2 | I23: =IF(AND(E23<Reporting!$B$4,OR(G23="",G23>=Reporting!$B$4)),1,0) -> 0 | J23: =IF(AND(I23=1,F23<Reporting!$B$4),1,0) -> 0 | K23: =IF(F23<Reporting!$B$4,1,0) -> 1 | L23: =IF(AND(K23=1,G23<>"",G23<=F23),1,0) -> 0 | M23: =IF(AND(G23<>"",G23<Reporting!$B$4),1,0) -> 1 | N23: =IF(M23=1,G23-E23,"") -> 11.041667 | O23: =IF(E23>=Reporting!$B$4,"Outside cutoff",IF(M23=1,"Closed",IF(J23=1,"Overdue","Open - within SLA"))) -> Closed
A24: CASE-00019 | B24: Warehouse | C24: Process deviation | D24: Medium | E24: 46258.583 | F24: 46265.583 | G24: 46283.583 | H24: 2 | I24: =IF(AND(E24<Reporting!$B$4,OR(G24="",G24>=Reporting!$B$4)),1,0) -> 0 | J24: =IF(AND(I24=1,F24<Reporting!$B$4),1,0) -> 0 | K24: =IF(F24<Reporting!$B$4,1,0) -> 1 | L24: =IF(AND(K24=1,G24<>"",G24<=F24),1,0) -> 0 | M24: =IF(AND(G24<>"",G24<Reporting!$B$4),1,0) -> 1 | N24: =IF(M24=1,G24-E24,"") -> 25 | O24: =IF(E24>=Reporting!$B$4,"Outside cutoff",IF(M24=1,"Closed",IF(J24=1,"Overdue","Open - within SLA"))) -> Closed
A25: CASE-00020 | B25: Warehouse | C25: Missing evidence | D25: Low | E25: 46285.375 | F25: 46299.375 | H25: 2 | I25: =IF(AND(E25<Reporting!$B$4,OR(G25="",G25>=Reporting!$B$4)),1,0) -> 1 | J25: =IF(AND(I25=1,F25<Reporting!$B$4),1,0) -> 0 | K25: =IF(F25<Reporting!$B$4,1,0) -> 0 | L25: =IF(AND(K25=1,G25<>"",G25<=F25),1,0) -> 0 | M25: =IF(AND(G25<>"",G25<Reporting!$B$4),1,0) -> 0 | N25: =IF(M25=1,G25-E25,"") | O25: =IF(E25>=Reporting!$B$4,"Outside cutoff",IF(M25=1,"Closed",IF(J25=1,"Overdue","Open - within SLA"))) -> Open - within SLA
A26: CASE-00021 | B26: Installation | C26: Process deviation | D26: Medium | E26: 46250.458 | F26: 46257.458 | G26: 46256.542 | H26: 3 | I26: =IF(AND(E26<Reporting!$B$4,OR(G26="",G26>=Reporting!$B$4)),1,0) -> 0 | J26: =IF(AND(I26=1,F26<Reporting!$B$4),1,0) -> 0 | K26: =IF(F26<Reporting!$B$4,1,0) -> 1 | L26: =IF(AND(K26=1,G26<>"",G26<=F26),1,0) -> 1 | M26: =IF(AND(G26<>"",G26<Reporting!$B$4),1,0) -> 1 | N26: =IF(M26=1,G26-E26,"") -> 6.0833333 | O26: =IF(E26>=Reporting!$B$4,"Outside cutoff",IF(M26=1,"Closed",IF(J26=1,"Overdue","Open - within SLA"))) -> Closed
A27: CASE-00022 | B27: Customer Services | C27: Late review | D27: Medium | E27: 46218.417 | F27: 46225.417 | G27: 46223.458 | H27: 1 | I27: =IF(AND(E27<Reporting!$B$4,OR(G27="",G27>=Reporting!$B$4)),1,0) -> 0 | J27: =IF(AND(I27=1,F27<Reporting!$B$4),1,0) -> 0 | K27: =IF(F27<Reporting!$B$4,1,0) -> 1 | L27: =IF(AND(K27=1,G27<>"",G27<=F27),1,0) -> 1 | M27: =IF(AND(G27<>"",G27<Reporting!$B$4),1,0) -> 1 | N27: =IF(M27=1,G27-E27,"") -> 5.0416667 | O27: =IF(E27>=Reporting!$B$4,"Outside cutoff",IF(M27=1,"Closed",IF(J27=1,"Overdue","Open - within SLA"))) -> Closed
A28: CASE-00023 | B28: Customer Services | C28: Record mismatch | D28: Medium | E28: 46235.333 | F28: 46242.333 | G28: 46251.333 | H28: 1 | I28: =IF(AND(E28<Reporting!$B$4,OR(G28="",G28>=Reporting!$B$4)),1,0) -> 0 | J28: =IF(AND(I28=1,F28<Reporting!$B$4),1,0) -> 0 | K28: =IF(F28<Reporting!$B$4,1,0) -> 1 | L28: =IF(AND(K28=1,G28<>"",G28<=F28),1,0) -> 0 | M28: =IF(AND(G28<>"",G28<Reporting!$B$4),1,0) -> 1 | N28: =IF(M28=1,G28-E28,"") -> 16 | O28: =IF(E28>=Reporting!$B$4,"Outside cutoff",IF(M28=1,"Closed",IF(J28=1,"Overdue","Open - within SLA"))) -> Closed
A29: CASE-00024 | B29: Customer Services | C29: Missing evidence | D29: Low | E29: 46275.667 | F29: 46289.667 | H29: 1 | I29: =IF(AND(E29<Reporting!$B$4,OR(G29="",G29>=Reporting!$B$4)),1,0) -> 1 | J29: =IF(AND(I29=1,F29<Reporting!$B$4),1,0) -> 0 | K29: =IF(F29<Reporting!$B$4,1,0) -> 0 | L29: =IF(AND(K29=1,G29<>"",G29<=F29),1,0) -> 0 | M29: =IF(AND(G29<>"",G29<Reporting!$B$4),1,0) -> 0 | N29: =IF(M29=1,G29-E29,"") | O29: =IF(E29>=Reporting!$B$4,"Outside cutoff",IF(M29=1,"Closed",IF(J29=1,"Overdue","Open - within SLA"))) -> Open - within SLA
A30: CASE-00025 | B30: Installation | C30: Missing evidence | D30: Medium | E30: 46268.375 | F30: 46275.375 | G30: 46277.375 | H30: 3 | I30: =IF(AND(E30<Reporting!$B$4,OR(G30="",G30>=Reporting!$B$4)),1,0) -> 0 | J30: =IF(AND(I30=1,F30<Reporting!$B$4),1,0) -> 0 | K30: =IF(F30<Reporting!$B$4,1,0) -> 1 | L30: =IF(AND(K30=1,G30<>"",G30<=F30),1,0) -> 0 | M30: =IF(AND(G30<>"",G30<Reporting!$B$4),1,0) -> 1 | N30: =IF(M30=1,G30-E30,"") -> 9 | O30: =IF(E30>=Reporting!$B$4,"Outside cutoff",IF(M30=1,"Closed",IF(J30=1,"Overdue","Open - within SLA"))) -> Closed
A31: CASE-00026 | B31: Customer Services | C31: Late review | D31: Medium | E31: 46245.542 | F31: 46252.542 | H31: 1 | I31: =IF(AND(E31<Reporting!$B$4,OR(G31="",G31>=Reporting!$B$4)),1,0) -> 1 | J31: =IF(AND(I31=1,F31<Reporting!$B$4),1,0) -> 1 | K31: =IF(F31<Reporting!$B$4,1,0) -> 1 | L31: =IF(AND(K31=1,G31<>"",G31<=F31),1,0) -> 0 | M31: =IF(AND(G31<>"",G31<Reporting!$B$4),1,0) -> 0 | N31: =IF(M31=1,G31-E31,"") | O31: =IF(E31>=Reporting!$B$4,"Outside cutoff",IF(M31=1,"Closed",IF(J31=1,"Overdue","Open - within SLA"))) -> Overdue
A32: CASE-00027 | B32: Customer Services | C32: Record mismatch | D32: Medium | E32: 46202.333 | F32: 46209.333 | G32: 46203.333 | H32: 1 | I32: =IF(AND(E32<Reporting!$B$4,OR(G32="",G32>=Reporting!$B$4)),1,0) -> 0 | J32: =IF(AND(I32=1,F32<Reporting!$B$4),1,0) -> 0 | K32: =IF(F32<Reporting!$B$4,1,0) -> 1 | L32: =IF(AND(K32=1,G32<>"",G32<=F32),1,0) -> 1 | M32: =IF(AND(G32<>"",G32<Reporting!$B$4),1,0) -> 1 | N32: =IF(M32=1,G32-E32,"") -> 1 | O32: =IF(E32>=Reporting!$B$4,"Outside cutoff",IF(M32=1,"Closed",IF(J32=1,"Overdue","Open - within SLA"))) -> Closed
A33: CASE-00028 | B33: Customer Services | C33: Process deviation | D33: Low | E33: 46215.333 | F33: 46229.333 | G33: 46231.417 | H33: 1 | I33: =IF(AND(E33<Reporting!$B$4,OR(G33="",G33>=Reporting!$B$4)),1,0) -> 0 | J33: =IF(AND(I33=1,F33<Reporting!$B$4),1,0) -> 0 | K33: =IF(F33<Reporting!$B$4,1,0) -> 1 | L33: =IF(AND(K33=1,G33<>"",G33<=F33),1,0) -> 0 | M33: =IF(AND(G33<>"",G33<Reporting!$B$4),1,0) -> 1 | N33: =IF(M33=1,G33-E33,"") -> 16.083333 | O33: =IF(E33>=Reporting!$B$4,"Outside cutoff",IF(M33=1,"Closed",IF(J33=1,"Overdue","Open - within SLA"))) -> Closed
A34: CASE-00029 | B34: Installation | C34: Late review | D34: Medium | E34: 46273.583 | F34: 46280.583 | G34: 46280.625 | H34: 3 | I34: =IF(AND(E34<Reporting!$B$4,OR(G34="",G34>=Reporting!$B$4)),1,0) -> 0 | J34: =IF(AND(I34=1,F34<Reporting!$B$4),1,0) -> 0 | K34: =IF(F34<Reporting!$B$4,1,0) -> 1 | L34: =IF(AND(K34=1,G34<>"",G34<=F34),1,0) -> 0 | M34: =IF(AND(G34<>"",G34<Reporting!$B$4),1,0) -> 1 | N34: =IF(M34=1,G34-E34,"") -> 7.0416667 | O34: =IF(E34>=Reporting!$B$4,"Outside cutoff",IF(M34=1,"Closed",IF(J34=1,"Overdue","Open - within SLA"))) -> Closed
A35: CASE-00030 | B35: Customer Services | C35: Late review | D35: High | E35: 46222.667 | F35: 46225.667 | G35: 46236.708 | H35: 1 | I35: =IF(AND(E35<Reporting!$B$4,OR(G35="",G35>=Reporting!$B$4)),1,0) -> 0 | J35: =IF(AND(I35=1,F35<Reporting!$B$4),1,0) -> 0 | K35: =IF(F35<Reporting!$B$4,1,0) -> 1 | L35: =IF(AND(K35=1,G35<>"",G35<=F35),1,0) -> 0 | M35: =IF(AND(G35<>"",G35<Reporting!$B$4),1,0) -> 1 | N35: =IF(M35=1,G35-E35,"") -> 14.041667 | O35: =IF(E35>=Reporting!$B$4,"Outside cutoff",IF(M35=1,"Closed",IF(J35=1,"Overdue","Open - within SLA"))) -> Closed
A36: CASE-00031 | B36: Installation | C36: Late review | D36: Low | E36: 46282.5 | F36: 46296.5 | H36: 3 | I36: =IF(AND(E36<Reporting!$B$4,OR(G36="",G36>=Reporting!$B$4)),1,0) -> 1 | J36: =IF(AND(I36=1,F36<Reporting!$B$4),1,0) -> 0 | K36: =IF(F36<Reporting!$B$4,1,0) -> 0 | L36: =IF(AND(K36=1,G36<>"",G36<=F36),1,0) -> 0 | M36: =IF(AND(G36<>"",G36<Reporting!$B$4),1,0) -> 0 | N36: =IF(M36=1,G36-E36,"") | O36: =IF(E36>=Reporting!$B$4,"Outside cutoff",IF(M36=1,"Closed",IF(J36=1,"Overdue","Open - within SLA"))) -> Open - within SLA
A37: CASE-00032 | B37: Customer Services | C37: Missing evidence | D37: Medium | E37: 46221.667 | F37: 46228.667 | G37: 46225.708 | H37: 1 | I37: =IF(AND(E37<Reporting!$B$4,OR(G37="",G37>=Reporting!$B$4)),1,0) -> 0 | J37: =IF(AND(I37=1,F37<Reporting!$B$4),1,0) -> 0 | K37: =IF(F37<Reporting!$B$4,1,0) -> 1 | L37: =IF(AND(K37=1,G37<>"",G37<=F37),1,0) -> 1 | M37: =IF(AND(G37<>"",G37<Reporting!$B$4),1,0) -> 1 | N37: =IF(M37=1,G37-E37,"") -> 4.0416667 | O37: =IF(E37>=Reporting!$B$4,"Outside cutoff",IF(M37=1,"Closed",IF(J37=1,"Overdue","Open - within SLA"))) -> Closed
A38: CASE-00033 | B38: Installation | C38: Late review | D38: High | E38: 46222.542 | F38: 46225.542 | G38: 46237.542 | H38: 3 | I38: =IF(AND(E38<Reporting!$B$4,OR(G38="",G38>=Reporting!$B$4)),1,0) -> 0 | J38: =IF(AND(I38=1,F38<Reporting!$B$4),1,0) -> 0 | K38: =IF(F38<Reporting!$B$4,1,0) -> 1 | L38: =IF(AND(K38=1,G38<>"",G38<=F38),1,0) -> 0 | M38: =IF(AND(G38<>"",G38<Reporting!$B$4),1,0) -> 1 | N38: =IF(M38=1,G38-E38,"") -> 15 | O38: =IF(E38>=Reporting!$B$4,"Outside cutoff",IF(M38=1,"Closed",IF(J38=1,"Overdue","Open - within SLA"))) -> Closed
A39: CASE-00034 | B39: Customer Services | C39: Record mismatch | D39: Low | E39: 46212.458 | F39: 46226.458 | G39: 46218.5 | H39: 1 | I39: =IF(AND(E39<Reporting!$B$4,OR(G39="",G39>=Reporting!$B$4)),1,0) -> 0 | J39: =IF(AND(I39=1,F39<Reporting!$B$4),1,0) -> 0 | K39: =IF(F39<Reporting!$B$4,1,0) -> 1 | L39: =IF(AND(K39=1,G39<>"",G39<=F39),1,0) -> 1 | M39: =IF(AND(G39<>"",G39<Reporting!$B$4),1,0) -> 1 | N39: =IF(M39=1,G39-E39,"") -> 6.0416667 | O39: =IF(E39>=Reporting!$B$4,"Outside cutoff",IF(M39=1,"Closed",IF(J39=1,"Overdue","Open - within SLA"))) -> Closed
A40: CASE-00035 | B40: Customer Services | C40: Missing evidence | D40: High | E40: 46207.583 | F40: 46210.583 | G40: 46225.625 | H40: 1 | I40: =IF(AND(E40<Reporting!$B$4,OR(G40="",G40>=Reporting!$B$4)),1,0) -> 0 | J40: =IF(AND(I40=1,F40<Reporting!$B$4),1,0) -> 0 | K40: =IF(F40<Reporting!$B$4,1,0) -> 1 | L40: =IF(AND(K40=1,G40<>"",G40<=F40),1,0) -> 0 | M40: =IF(AND(G40<>"",G40<Reporting!$B$4),1,0) -> 1 | N40: =IF(M40=1,G40-E40,"") -> 18.041667 | O40: =IF(E40>=Reporting!$B$4,"Outside cutoff",IF(M40=1,"Closed",IF(J40=1,"Overdue","Open - within SLA"))) -> Closed
A41: CASE-00036 | B41: Customer Services | C41: Late review | D41: Low | E41: 46231.667 | F41: 46245.667 | G41: 46232.667 | H41: 1 | I41: =IF(AND(E41<Reporting!$B$4,OR(G41="",G41>=Reporting!$B$4)),1,0) -> 0 | J41: =IF(AND(I41=1,F41<Reporting!$B$4),1,0) -> 0 | K41: =IF(F41<Reporting!$B$4,1,0) -> 1 | L41: =IF(AND(K41=1,G41<>"",G41<=F41),1,0) -> 1 | M41: =IF(AND(G41<>"",G41<Reporting!$B$4),1,0) -> 1 | N41: =IF(M41=1,G41-E41,"") -> 1 | O41: =IF(E41>=Reporting!$B$4,"Outside cutoff",IF(M41=1,"Closed",IF(J41=1,"Overdue","Open - within SLA"))) -> Closed
A42: CASE-00037 | B42: Warehouse | C42: Process deviation | D42: Low | E42: 46257.333 | F42: 46271.333 | G42: 46271.375 | H42: 2 | I42: =IF(AND(E42<Reporting!$B$4,OR(G42="",G42>=Reporting!$B$4)),1,0) -> 0 | J42: =IF(AND(I42=1,F42<Reporting!$B$4),1,0) -> 0 | K42: =IF(F42<Reporting!$B$4,1,0) -> 1 | L42: =IF(AND(K42=1,G42<>"",G42<=F42),1,0) -> 0 | M42: =IF(AND(G42<>"",G42<Reporting!$B$4),1,0) -> 1 | N42: =IF(M42=1,G42-E42,"") -> 14.041667 | O42: =IF(E42>=Reporting!$B$4,"Outside cutoff",IF(M42=1,"Closed",IF(J42=1,"Overdue","Open - within SLA"))) -> Closed
A43: CASE-00038 | B43: Installation | C43: Record mismatch | D43: Medium | E43: 46204.5 | F43: 46211.5 | G43: 46210.542 | H43: 3 | I43: =IF(AND(E43<Reporting!$B$4,OR(G43="",G43>=Reporting!$B$4)),1,0) -> 0 | J43: =IF(AND(I43=1,F43<Reporting!$B$4),1,0) -> 0 | K43: =IF(F43<Reporting!$B$4,1,0) -> 1 | L43: =IF(AND(K43=1,G43<>"",G43<=F43),1,0) -> 1 | M43: =IF(AND(G43<>"",G43<Reporting!$B$4),1,0) -> 1 | N43: =IF(M43=1,G43-E43,"") -> 6.0416667 | O43: =IF(E43>=Reporting!$B$4,"Outside cutoff",IF(M43=1,"Closed",IF(J43=1,"Overdue","Open - within SLA"))) -> Closed
A44: CASE-00039 | B44: Warehouse | C44: Process deviation | D44: Low | E44: 46265.542 | F44: 46279.542 | G44: 46281.625 | H44: 2 | I44: =IF(AND(E44<Reporting!$B$4,OR(G44="",G44>=Reporting!$B$4)),1,0) -> 0 | J44: =IF(AND(I44=1,F44<Reporting!$B$4),1,0) -> 0 | K44: =IF(F44<Reporting!$B$4,1,0) -> 1 | L44: =IF(AND(K44=1,G44<>"",G44<=F44),1,0) -> 0 | M44: =IF(AND(G44<>"",G44<Reporting!$B$4),1,0) -> 1 | N44: =IF(M44=1,G44-E44,"") -> 16.083333 | O44: =IF(E44>=Reporting!$B$4,"Outside cutoff",IF(M44=1,"Closed",IF(J44=1,"Overdue","Open - within SLA"))) -> Closed
A45: CASE-00040 | B45: Installation | C45: Late review | D45: Medium | E45: 46253.417 | F45: 46260.417 | G45: 46267.458 | H45: 3 | I45: =IF(AND(E45<Reporting!$B$4,OR(G45="",G45>=Reporting!$B$4)),1,0) -> 0 | J45: =IF(AND(I45=1,F45<Reporting!$B$4),1,0) -> 0 | K45: =IF(F45<Reporting!$B$4,1,0) -> 1 | L45: =IF(AND(K45=1,G45<>"",G45<=F45),1,0) -> 0 | M45: =IF(AND(G45<>"",G45<Reporting!$B$4),1,0) -> 1 | N45: =IF(M45=1,G45-E45,"") -> 14.041667 | O45: =IF(E45>=Reporting!$B$4,"Outside cutoff",IF(M45=1,"Closed",IF(J45=1,"Overdue","Open - within SLA"))) -> Closed
A46: CASE-00041 | B46: Customer Services | C46: Late review | D46: High | E46: 46255.458 | F46: 46258.458 | G46: 46258.458 | H46: 1 | I46: =IF(AND(E46<Reporting!$B$4,OR(G46="",G46>=Reporting!$B$4)),1,0) -> 0 | J46: =IF(AND(I46=1,F46<Reporting!$B$4),1,0) -> 0 | K46: =IF(F46<Reporting!$B$4,1,0) -> 1 | L46: =IF(AND(K46=1,G46<>"",G46<=F46),1,0) -> 1 | M46: =IF(AND(G46<>"",G46<Reporting!$B$4),1,0) -> 1 | N46: =IF(M46=1,G46-E46,"") -> 3 | O46: =IF(E46>=Reporting!$B$4,"Outside cutoff",IF(M46=1,"Closed",IF(J46=1,"Overdue","Open - within SLA"))) -> Closed
A47: CASE-00042 | B47: Installation | C47: Record mismatch | D47: Medium | E47: 46232.375 | F47: 46239.375 | G47: 46239.375 | H47: 3 | I47: =IF(AND(E47<Reporting!$B$4,OR(G47="",G47>=Reporting!$B$4)),1,0) -> 0 | J47: =IF(AND(I47=1,F47<Reporting!$B$4),1,0) -> 0 | K47: =IF(F47<Reporting!$B$4,1,0) -> 1 | L47: =IF(AND(K47=1,G47<>"",G47<=F47),1,0) -> 1 | M47: =IF(AND(G47<>"",G47<Reporting!$B$4),1,0) -> 1 | N47: =IF(M47=1,G47-E47,"") -> 7 | O47: =IF(E47>=Reporting!$B$4,"Outside cutoff",IF(M47=1,"Closed",IF(J47=1,"Overdue","Open - within SLA"))) -> Closed
A48: CASE-00043 | B48: Installation | C48: Record mismatch | D48: High | E48: 46275.583 | F48: 46278.583 | G48: 46276.625 | H48: 3 | I48: =IF(AND(E48<Reporting!$B$4,OR(G48="",G48>=Reporting!$B$4)),1,0) -> 0 | J48: =IF(AND(I48=1,F48<Reporting!$B$4),1,0) -> 0 | K48: =IF(F48<Reporting!$B$4,1,0) -> 1 | L48: =IF(AND(K48=1,G48<>"",G48<=F48),1,0) -> 1 | M48: =IF(AND(G48<>"",G48<Reporting!$B$4),1,0) -> 1 | N48: =IF(M48=1,G48-E48,"") -> 1.0416667 | O48: =IF(E48>=Reporting!$B$4,"Outside cutoff",IF(M48=1,"Closed",IF(J48=1,"Overdue","Open - within SLA"))) -> Closed
... A51: CASE-00046 | B51: Customer Services | C51: Late review | D51: Low | E51: 46269.375 | F51: 46283.375 | G51: 46281.417 | H51: 1 | I51: =IF(AND(E51<Reporting!$B$4,OR(G51="",G51>=Reporting!$B$4)),1,0) -> 0 | J51: =IF(AND(I51=1,F51<Reporting!$B$4),1,0) -> 0 | K51: =IF(F51<Reporting!$B$4,1,0) -> 1 | L51: =IF(AND(K51=1,G51<>"",G51<=F51),1,0) -> 1 | M51: =IF(AND(G51<>"",G51<Reporting!$B$4),1,0) -> 1 | N51: =IF(M51=1,G51-E51,"") -> 12.041667 | O51: =IF(E51>=Reporting!$B$4,"Outside cutoff",IF(M51=1,"Closed",IF(J51=1,"Overdue","Open - within SLA"))) -> Closed
A52: CASE-00047 | B52: Warehouse | C52: Process deviation | D52: Medium | E52: 46257.583 | F52: 46264.583 | H52: 2 | I52: =IF(AND(E52<Reporting!$B$4,OR(G52="",G52>=Reporting!$B$4)),1,0) -> 1 | J52: =IF(AND(I52=1,F52<Reporting!$B$4),1,0) -> 1 | K52: =IF(F52<Reporting!$B$4,1,0) -> 1 | L52: =IF(AND(K52=1,G52<>"",G52<=F52),1,0) -> 0 | M52: =IF(AND(G52<>"",G52<Reporting!$B$4),1,0) -> 0 | N52: =IF(M52=1,G52-E52,"") | O52: =IF(E52>=Reporting!$B$4,"Outside cutoff",IF(M52=1,"Closed",IF(J52=1,"Overdue","Open - within SLA"))) -> Overdue
A53: CASE-00048 | B53: Installation | C53: Process deviation | D53: High | E53: 46249.333 | F53: 46252.333 | G53: 46258.417 | H53: 3 | I53: =IF(AND(E53<Reporting!$B$4,OR(G53="",G53>=Reporting!$B$4)),1,0) -> 0 | J53: =IF(AND(I53=1,F53<Reporting!$B$4),1,0) -> 0 | K53: =IF(F53<Reporting!$B$4,1,0) -> 1 | L53: =IF(AND(K53=1,G53<>"",G53<=F53),1,0) -> 0 | M53: =IF(AND(G53<>"",G53<Reporting!$B$4),1,0) -> 1 | N53: =IF(M53=1,G53-E53,"") -> 9.0833333 | O53: =IF(E53>=Reporting!$B$4,"Outside cutoff",IF(M53=1,"Closed",IF(J53=1,"Overdue","Open - within SLA"))) -> Closed
A54: CASE-00049 | B54: Customer Services | C54: Record mismatch | D54: Medium | E54: 46253.625 | F54: 46260.625 | G54: 46259.708 | H54: 1 | I54: =IF(AND(E54<Reporting!$B$4,OR(G54="",G54>=Reporting!$B$4)),1,0) -> 0 | J54: =IF(AND(I54=1,F54<Reporting!$B$4),1,0) -> 0 | K54: =IF(F54<Reporting!$B$4,1,0) -> 1 | L54: =IF(AND(K54=1,G54<>"",G54<=F54),1,0) -> 1 | M54: =IF(AND(G54<>"",G54<Reporting!$B$4),1,0) -> 1 | N54: =IF(M54=1,G54-E54,"") -> 6.0833333 | O54: =IF(E54>=Reporting!$B$4,"Outside cutoff",IF(M54=1,"Closed",IF(J54=1,"Overdue","Open - within SLA"))) -> Closed
A55: CASE-00050 | B55: Customer Services | C55: Late review | D55: High | E55: 46285.5 | F55: 46288.5 | H55: 1 | I55: =IF(AND(E55<Reporting!$B$4,OR(G55="",G55>=Reporting!$B$4)),1,0) -> 1 | J55: =IF(AND(I55=1,F55<Reporting!$B$4),1,0) -> 0 | K55: =IF(F55<Reporting!$B$4,1,0) -> 0 | L55: =IF(AND(K55=1,G55<>"",G55<=F55),1,0) -> 0 | M55: =IF(AND(G55<>"",G55<Reporting!$B$4),1,0) -> 0 | N55: =IF(M55=1,G55-E55,"") | O55: =IF(E55>=Reporting!$B$4,"Outside cutoff",IF(M55=1,"Closed",IF(J55=1,"Overdue","Open - within SLA"))) -> Open - within SLA
A56: CASE-00051 | B56: Warehouse | C56: Late review | D56: Medium | E56: 46233.667 | F56: 46240.667 | G56: 46246.75 | H56: 2 | I56: =IF(AND(E56<Reporting!$B$4,OR(G56="",G56>=Reporting!$B$4)),1,0) -> 0 | J56: =IF(AND(I56=1,F56<Reporting!$B$4),1,0) -> 0 | K56: =IF(F56<Reporting!$B$4,1,0) -> 1 | L56: =IF(AND(K56=1,G56<>"",G56<=F56),1,0) -> 0 | M56: =IF(AND(G56<>"",G56<Reporting!$B$4),1,0) -> 1 | N56: =IF(M56=1,G56-E56,"") -> 13.083333 | O56: =IF(E56>=Reporting!$B$4,"Outside cutoff",IF(M56=1,"Closed",IF(J56=1,"Overdue","Open - within SLA"))) -> Closed
A57: CASE-00052 | B57: Warehouse | C57: Record mismatch | D57: Medium | E57: 46232.583 | F57: 46239.583 | H57: 2 | I57: =IF(AND(E57<Reporting!$B$4,OR(G57="",G57>=Reporting!$B$4)),1,0) -> 1 | J57: =IF(AND(I57=1,F57<Reporting!$B$4),1,0) -> 1 | K57: =IF(F57<Reporting!$B$4,1,0) -> 1 | L57: =IF(AND(K57=1,G57<>"",G57<=F57),1,0) -> 0 | M57: =IF(AND(G57<>"",G57<Reporting!$B$4),1,0) -> 0 | N57: =IF(M57=1,G57-E57,"") | O57: =IF(E57>=Reporting!$B$4,"Outside cutoff",IF(M57=1,"Closed",IF(J57=1,"Overdue","Open - within SLA"))) -> Overdue
A58: CASE-00053 | B58: Customer Services | C58: Record mismatch | D58: Medium | E58: 46261.417 | F58: 46268.417 | G58: 46271.5 | H58: 1 | I58: =IF(AND(E58<Reporting!$B$4,OR(G58="",G58>=Reporting!$B$4)),1,0) -> 0 | J58: =IF(AND(I58=1,F58<Reporting!$B$4),1,0) -> 0 | K58: =IF(F58<Reporting!$B$4,1,0) -> 1 | L58: =IF(AND(K58=1,G58<>"",G58<=F58),1,0) -> 0 | M58: =IF(AND(G58<>"",G58<Reporting!$B$4),1,0) -> 1 | N58: =IF(M58=1,G58-E58,"") -> 10.083333 | O58: =IF(E58>=Reporting!$B$4,"Outside cutoff",IF(M58=1,"Closed",IF(J58=1,"Overdue","Open - within SLA"))) -> Closed
A59: CASE-00054 | B59: Customer Services | C59: Process deviation | D59: Low | E59: 46231.458 | F59: 46245.458 | G59: 46245.458 | H59: 1 | I59: =IF(AND(E59<Reporting!$B$4,OR(G59="",G59>=Reporting!$B$4)),1,0) -> 0 | J59: =IF(AND(I59=1,F59<Reporting!$B$4),1,0) -> 0 | K59: =IF(F59<Reporting!$B$4,1,0) -> 1 | L59: =IF(AND(K59=1,G59<>"",G59<=F59),1,0) -> 1 | M59: =IF(AND(G59<>"",G59<Reporting!$B$4),1,0) -> 1 | N59: =IF(M59=1,G59-E59,"") -> 14 | O59: =IF(E59>=Reporting!$B$4,"Outside cutoff",IF(M59=1,"Closed",IF(J59=1,"Overdue","Open - within SLA"))) -> Closed
A60: CASE-00055 | B60: Warehouse | C60: Missing evidence | D60: Low | E60: 46263.542 | F60: 46277.542 | G60: 46280.583 | H60: 2 | I60: =IF(AND(E60<Reporting!$B$4,OR(G60="",G60>=Reporting!$B$4)),1,0) -> 0 | J60: =IF(AND(I60=1,F60<Reporting!$B$4),1,0) -> 0 | K60: =IF(F60<Reporting!$B$4,1,0) -> 1 | L60: =IF(AND(K60=1,G60<>"",G60<=F60),1,0) -> 0 | M60: =IF(AND(G60<>"",G60<Reporting!$B$4),1,0) -> 1 | N60: =IF(M60=1,G60-E60,"") -> 17.041667 | O60: =IF(E60>=Reporting!$B$4,"Outside cutoff",IF(M60=1,"Closed",IF(J60=1,"Overdue","Open - within SLA"))) -> Closed
A61: CASE-00056 | B61: Customer Services | C61: Record mismatch | D61: Medium | E61: 46281.625 | F61: 46288.625 | H61: 1 | I61: =IF(AND(E61<Reporting!$B$4,OR(G61="",G61>=Reporting!$B$4)),1,0) -> 1 | J61: =IF(AND(I61=1,F61<Reporting!$B$4),1,0) -> 0 | K61: =IF(F61<Reporting!$B$4,1,0) -> 0 | L61: =IF(AND(K61=1,G61<>"",G61<=F61),1,0) -> 0 | M61: =IF(AND(G61<>"",G61<Reporting!$B$4),1,0) -> 0 | N61: =IF(M61=1,G61-E61,"") | O61: =IF(E61>=Reporting!$B$4,"Outside cutoff",IF(M61=1,"Closed",IF(J61=1,"Overdue","Open - within SLA"))) -> Open - within SLA
A62: CASE-00057 | B62: Customer Services | C62: Record mismatch | D62: High | E62: 46269.417 | F62: 46272.417 | G62: 46273.417 | H62: 1 | I62: =IF(AND(E62<Reporting!$B$4,OR(G62="",G62>=Reporting!$B$4)),1,0) -> 0 | J62: =IF(AND(I62=1,F62<Reporting!$B$4),1,0) -> 0 | K62: =IF(F62<Reporting!$B$4,1,0) -> 1 | L62: =IF(AND(K62=1,G62<>"",G62<=F62),1,0) -> 0 | M62: =IF(AND(G62<>"",G62<Reporting!$B$4),1,0) -> 1 | N62: =IF(M62=1,G62-E62,"") -> 4 | O62: =IF(E62>=Reporting!$B$4,"Outside cutoff",IF(M62=1,"Closed",IF(J62=1,"Overdue","Open - within SLA"))) -> Closed
A63: CASE-00058 | B63: Installation | C63: Late review | D63: Low | E63: 46284.333 | F63: 46298.333 | H63: 3 | I63: =IF(AND(E63<Reporting!$B$4,OR(G63="",G63>=Reporting!$B$4)),1,0) -> 1 | J63: =IF(AND(I63=1,F63<Reporting!$B$4),1,0) -> 0 | K63: =IF(F63<Reporting!$B$4,1,0) -> 0 | L63: =IF(AND(K63=1,G63<>"",G63<=F63),1,0) -> 0 | M63: =IF(AND(G63<>"",G63<Reporting!$B$4),1,0) -> 0 | N63: =IF(M63=1,G63-E63,"") | O63: =IF(E63>=Reporting!$B$4,"Outside cutoff",IF(M63=1,"Closed",IF(J63=1,"Overdue","Open - within SLA"))) -> Open - within SLA
A64: CASE-00059 | B64: Customer Services | C64: Late review | D64: Medium | E64: 46252.417 | F64: 46259.417 | G64: 46258.458 | H64: 1 | I64: =IF(AND(E64<Reporting!$B$4,OR(G64="",G64>=Reporting!$B$4)),1,0) -> 0 | J64: =IF(AND(I64=1,F64<Reporting!$B$4),1,0) -> 0 | K64: =IF(F64<Reporting!$B$4,1,0) -> 1 | L64: =IF(AND(K64=1,G64<>"",G64<=F64),1,0) -> 1 | M64: =IF(AND(G64<>"",G64<Reporting!$B$4),1,0) -> 1 | N64: =IF(M64=1,G64-E64,"") -> 6.0416667 | O64: =IF(E64>=Reporting!$B$4,"Outside cutoff",IF(M64=1,"Closed",IF(J64=1,"Overdue","Open - within SLA"))) -> Closed
A65: CASE-00060 | B65: Customer Services | C65: Late review | D65: High | E65: 46224.542 | F65: 46227.542 | G65: 46226.542 | H65: 1 | I65: =IF(AND(E65<Reporting!$B$4,OR(G65="",G65>=Reporting!$B$4)),1,0) -> 0 | J65: =IF(AND(I65=1,F65<Reporting!$B$4),1,0) -> 0 | K65: =IF(F65<Reporting!$B$4,1,0) -> 1 | L65: =IF(AND(K65=1,G65<>"",G65<=F65),1,0) -> 1 | M65: =IF(AND(G65<>"",G65<Reporting!$B$4),1,0) -> 1 | N65: =IF(M65=1,G65-E65,"") -> 2 | O65: =IF(E65>=Reporting!$B$4,"Outside cutoff",IF(M65=1,"Closed",IF(J65=1,"Overdue","Open - within SLA"))) -> Closed
A66: CASE-00061 | B66: Warehouse | C66: Late review | D66: Medium | E66: 46224.542 | F66: 46231.542 | G66: 46228.625 | H66: 2 | I66: =IF(AND(E66<Reporting!$B$4,OR(G66="",G66>=Reporting!$B$4)),1,0) -> 0 | J66: =IF(AND(I66=1,F66<Reporting!$B$4),1,0) -> 0 | K66: =IF(F66<Reporting!$B$4,1,0) -> 1 | L66: =IF(AND(K66=1,G66<>"",G66<=F66),1,0) -> 1 | M66: =IF(AND(G66<>"",G66<Reporting!$B$4),1,0) -> 1 | N66: =IF(M66=1,G66-E66,"") -> 4.0833333 | O66: =IF(E66>=Reporting!$B$4,"Outside cutoff",IF(M66=1,"Closed",IF(J66=1,"Overdue","Open - within SLA"))) -> Closed
A67: CASE-00062 | B67: Installation | C67: Record mismatch | D67: Medium | E67: 46238.5 | F67: 46245.5 | G67: 46242.5 | H67: 3 | I67: =IF(AND(E67<Reporting!$B$4,OR(G67="",G67>=Reporting!$B$4)),1,0) -> 0 | J67: =IF(AND(I67=1,F67<Reporting!$B$4),1,0) -> 0 | K67: =IF(F67<Reporting!$B$4,1,0) -> 1 | L67: =IF(AND(K67=1,G67<>"",G67<=F67),1,0) -> 1 | M67: =IF(AND(G67<>"",G67<Reporting!$B$4),1,0) -> 1 | N67: =IF(M67=1,G67-E67,"") -> 4 | O67: =IF(E67>=Reporting!$B$4,"Outside cutoff",IF(M67=1,"Closed",IF(J67=1,"Overdue","Open - within SLA"))) -> Closed
A68: CASE-00063 | B68: Customer Services | C68: Record mismatch | D68: High | E68: 46247.458 | F68: 46250.458 | G68: 46260.542 | H68: 1 | I68: =IF(AND(E68<Reporting!$B$4,OR(G68="",G68>=Reporting!$B$4)),1,0) -> 0 | J68: =IF(AND(I68=1,F68<Reporting!$B$4),1,0) -> 0 | K68: =IF(F68<Reporting!$B$4,1,0) -> 1 | L68: =IF(AND(K68=1,G68<>"",G68<=F68),1,0) -> 0 | M68: =IF(AND(G68<>"",G68<Reporting!$B$4),1,0) -> 1 | N68: =IF(M68=1,G68-E68,"") -> 13.083333 | O68: =IF(E68>=Reporting!$B$4,"Outside cutoff",IF(M68=1,"Closed",IF(J68=1,"Overdue","Open - within SLA"))) -> Closed
A69: CASE-00064 | B69: Installation | C69: Process deviation | D69: High | E69: 46278.417 | F69: 46281.417 | G69: 46280.417 | H69: 3 | I69: =IF(AND(E69<Reporting!$B$4,OR(G69="",G69>=Reporting!$B$4)),1,0) -> 0 | J69: =IF(AND(I69=1,F69<Reporting!$B$4),1,0) -> 0 | K69: =IF(F69<Reporting!$B$4,1,0) -> 1 | L69: =IF(AND(K69=1,G69<>"",G69<=F69),1,0) -> 1 | M69: =IF(AND(G69<>"",G69<Reporting!$B$4),1,0) -> 1 | N69: =IF(M69=1,G69-E69,"") -> 2 | O69: =IF(E69>=Reporting!$B$4,"Outside cutoff",IF(M69=1,"Closed",IF(J69=1,"Overdue","Open - within SLA"))) -> Closed
A70: CASE-00065 | B70: Customer Services | C70: Process deviation | D70: Medium | E70: 46206.333 | F70: 46213.333 | G70: 46214.375 | H70: 1 | I70: =IF(AND(E70<Reporting!$B$4,OR(G70="",G70>=Reporting!$B$4)),1,0) -> 0 | J70: =IF(AND(I70=1,F70<Reporting!$B$4),1,0) -> 0 | K70: =IF(F70<Reporting!$B$4,1,0) -> 1 | L70: =IF(AND(K70=1,G70<>"",G70<=F70),1,0) -> 0 | M70: =IF(AND(G70<>"",G70<Reporting!$B$4),1,0) -> 1 | N70: =IF(M70=1,G70-E70,"") -> 8.0416667 | O70: =IF(E70>=Reporting!$B$4,"Outside cutoff",IF(M70=1,"Closed",IF(J70=1,"Overdue","Open - within SLA"))) -> Closed
A71: CASE-00066 | B71: Installation | C71: Process deviation | D71: Low | E71: 46206.5 | F71: 46220.5 | H71: 3 | I71: =IF(AND(E71<Reporting!$B$4,OR(G71="",G71>=Reporting!$B$4)),1,0) -> 1 | J71: =IF(AND(I71=1,F71<Reporting!$B$4),1,0) -> 1 | K71: =IF(F71<Reporting!$B$4,1,0) -> 1 | L71: =IF(AND(K71=1,G71<>"",G71<=F71),1,0) -> 0 | M71: =IF(AND(G71<>"",G71<Reporting!$B$4),1,0) -> 0 | N71: =IF(M71=1,G71-E71,"") | O71: =IF(E71>=Reporting!$B$4,"Outside cutoff",IF(M71=1,"Closed",IF(J71=1,"Overdue","Open - within SLA"))) -> Overdue
A72: CASE-00067 | B72: Customer Services | C72: Late review | D72: Medium | E72: 46212.417 | F72: 46219.417 | G72: 46215.5 | H72: 1 | I72: =IF(AND(E72<Reporting!$B$4,OR(G72="",G72>=Reporting!$B$4)),1,0) -> 0 | J72: =IF(AND(I72=1,F72<Reporting!$B$4),1,0) -> 0 | K72: =IF(F72<Reporting!$B$4,1,0) -> 1 | L72: =IF(AND(K72=1,G72<>"",G72<=F72),1,0) -> 1 | M72: =IF(AND(G72<>"",G72<Reporting!$B$4),1,0) -> 1 | N72: =IF(M72=1,G72-E72,"") -> 3.0833333 | O72: =IF(E72>=Reporting!$B$4,"Outside cutoff",IF(M72=1,"Closed",IF(J72=1,"Overdue","Open - within SLA"))) -> Closed
A73: CASE-00068 | B73: Customer Services | C73: Missing evidence | D73: Low | E73: 46235.333 | F73: 46249.333 | G73: 46241.417 | H73: 1 | I73: =IF(AND(E73<Reporting!$B$4,OR(G73="",G73>=Reporting!$B$4)),1,0) -> 0 | J73: =IF(AND(I73=1,F73<Reporting!$B$4),1,0) -> 0 | K73: =IF(F73<Reporting!$B$4,1,0) -> 1 | L73: =IF(AND(K73=1,G73<>"",G73<=F73),1,0) -> 1 | M73: =IF(AND(G73<>"",G73<Reporting!$B$4),1,0) -> 1 | N73: =IF(M73=1,G73-E73,"") -> 6.0833333 | O73: =IF(E73>=Reporting!$B$4,"Outside cutoff",IF(M73=1,"Closed",IF(J73=1,"Overdue","Open - within SLA"))) -> Closed
A74: CASE-00069 | B74: Warehouse | C74: Late review | D74: Medium | E74: 46249.5 | F74: 46256.5 | G74: 46267.5 | H74: 2 | I74: =IF(AND(E74<Reporting!$B$4,OR(G74="",G74>=Reporting!$B$4)),1,0) -> 0 | J74: =IF(AND(I74=1,F74<Reporting!$B$4),1,0) -> 0 | K74: =IF(F74<Reporting!$B$4,1,0) -> 1 | L74: =IF(AND(K74=1,G74<>"",G74<=F74),1,0) -> 0 | M74: =IF(AND(G74<>"",G74<Reporting!$B$4),1,0) -> 1 | N74: =IF(M74=1,G74-E74,"") -> 18 | O74: =IF(E74>=Reporting!$B$4,"Outside cutoff",IF(M74=1,"Closed",IF(J74=1,"Overdue","Open - within SLA"))) -> Closed
A75: CASE-00070 | B75: Customer Services | C75: Record mismatch | D75: High | E75: 46281.625 | F75: 46284.625 | H75: 1 | I75: =IF(AND(E75<Reporting!$B$4,OR(G75="",G75>=Reporting!$B$4)),1,0) -> 1 | J75: =IF(AND(I75=1,F75<Reporting!$B$4),1,0) -> 1 | K75: =IF(F75<Reporting!$B$4,1,0) -> 1 | L75: =IF(AND(K75=1,G75<>"",G75<=F75),1,0) -> 0 | M75: =IF(AND(G75<>"",G75<Reporting!$B$4),1,0) -> 0 | N75: =IF(M75=1,G75-E75,"") | O75: =IF(E75>=Reporting!$B$4,"Outside cutoff",IF(M75=1,"Closed",IF(J75=1,"Overdue","Open - within SLA"))) -> Overdue
A76: CASE-00071 | B76: Installation | C76: Late review | D76: Medium | E76: 46277.667 | F76: 46284.667 | G76: 46282.75 | H76: 3 | I76: =IF(AND(E76<Reporting!$B$4,OR(G76="",G76>=Reporting!$B$4)),1,0) -> 0 | J76: =IF(AND(I76=1,F76<Reporting!$B$4),1,0) -> 0 | K76: =IF(F76<Reporting!$B$4,1,0) -> 1 | L76: =IF(AND(K76=1,G76<>"",G76<=F76),1,0) -> 1 | M76: =IF(AND(G76<>"",G76<Reporting!$B$4),1,0) -> 1 | N76: =IF(M76=1,G76-E76,"") -> 5.0833333 | O76: =IF(E76>=Reporting!$B$4,"Outside cutoff",IF(M76=1,"Closed",IF(J76=1,"Overdue","Open - within SLA"))) -> Closed
A77: CASE-00072 | B77: Warehouse | C77: Process deviation | D77: Medium | E77: 46248.417 | F77: 46255.417 | G77: 46275.417 | H77: 2 | I77: =IF(AND(E77<Reporting!$B$4,OR(G77="",G77>=Reporting!$B$4)),1,0) -> 0 | J77: =IF(AND(I77=1,F77<Reporting!$B$4),1,0) -> 0 | K77: =IF(F77<Reporting!$B$4,1,0) -> 1 | L77: =IF(AND(K77=1,G77<>"",G77<=F77),1,0) -> 0 | M77: =IF(AND(G77<>"",G77<Reporting!$B$4),1,0) -> 1 | N77: =IF(M77=1,G77-E77,"") -> 27 | O77: =IF(E77>=Reporting!$B$4,"Outside cutoff",IF(M77=1,"Closed",IF(J77=1,"Overdue","Open - within SLA"))) -> Closed
A78: CASE-00073 | B78: Warehouse | C78: Missing evidence | D78: Low | E78: 46237.458 | F78: 46251.458 | G78: 46250.542 | H78: 2 | I78: =IF(AND(E78<Reporting!$B$4,OR(G78="",G78>=Reporting!$B$4)),1,0) -> 0 | J78: =IF(AND(I78=1,F78<Reporting!$B$4),1,0) -> 0 | K78: =IF(F78<Reporting!$B$4,1,0) -> 1 | L78: =IF(AND(K78=1,G78<>"",G78<=F78),1,0) -> 1 | M78: =IF(AND(G78<>"",G78<Reporting!$B$4),1,0) -> 1 | N78: =IF(M78=1,G78-E78,"") -> 13.083333 | O78: =IF(E78>=Reporting!$B$4,"Outside cutoff",IF(M78=1,"Closed",IF(J78=1,"Overdue","Open - within SLA"))) -> Closed
A79: CASE-00074 | B79: Customer Services | C79: Process deviation | D79: Medium | E79: 46213.625 | F79: 46220.625 | G79: 46214.667 | H79: 1 | I79: =IF(AND(E79<Reporting!$B$4,OR(G79="",G79>=Reporting!$B$4)),1,0) -> 0 | J79: =IF(AND(I79=1,F79<Reporting!$B$4),1,0) -> 0 | K79: =IF(F79<Reporting!$B$4,1,0) -> 1 | L79: =IF(AND(K79=1,G79<>"",G79<=F79),1,0) -> 1 | M79: =IF(AND(G79<>"",G79<Reporting!$B$4),1,0) -> 1 | N79: =IF(M79=1,G79-E79,"") -> 1.0416667 | O79: =IF(E79>=Reporting!$B$4,"Outside cutoff",IF(M79=1,"Closed",IF(J79=1,"Overdue","Open - within SLA"))) -> Closed
A80: CASE-00075 | B80: Customer Services | C80: Late review | D80: Medium | E80: 46229.625 | F80: 46236.625 | G80: 46241.625 | H80: 1 | I80: =IF(AND(E80<Reporting!$B$4,OR(G80="",G80>=Reporting!$B$4)),1,0) -> 0 | J80: =IF(AND(I80=1,F80<Reporting!$B$4),1,0) -> 0 | K80: =IF(F80<Reporting!$B$4,1,0) -> 1 | L80: =IF(AND(K80=1,G80<>"",G80<=F80),1,0) -> 0 | M80: =IF(AND(G80<>"",G80<Reporting!$B$4),1,0) -> 1 | N80: =IF(M80=1,G80-E80,"") -> 12 | O80: =IF(E80>=Reporting!$B$4,"Outside cutoff",IF(M80=1,"Closed",IF(J80=1,"Overdue","Open - within SLA"))) -> Closed
A81: CASE-00076 | B81: Warehouse | C81: Record mismatch | D81: High | E81: 46239.5 | F81: 46242.5 | G81: 46249.583 | H81: 2 | I81: =IF(AND(E81<Reporting!$B$4,OR(G81="",G81>=Reporting!$B$4)),1,0) -> 0 | J81: =IF(AND(I81=1,F81<Reporting!$B$4),1,0) -> 0 | K81: =IF(F81<Reporting!$B$4,1,0) -> 1 | L81: =IF(AND(K81=1,G81<>"",G81<=F81),1,0) -> 0 | M81: =IF(AND(G81<>"",G81<Reporting!$B$4),1,0) -> 1 | N81: =IF(M81=1,G81-E81,"") -> 10.083333 | O81: =IF(E81>=Reporting!$B$4,"Outside cutoff",IF(M81=1,"Closed",IF(J81=1,"Overdue","Open - within SLA"))) -> Closed
A82: CASE-00077 | B82: Warehouse | C82: Record mismatch | D82: Medium | E82: 46247.667 | F82: 46254.667 | G82: 46262.708 | H82: 2 | I82: =IF(AND(E82<Reporting!$B$4,OR(G82="",G82>=Reporting!$B$4)),1,0) -> 0 | J82: =IF(AND(I82=1,F82<Reporting!$B$4),1,0) -> 0 | K82: =IF(F82<Reporting!$B$4,1,0) -> 1 | L82: =IF(AND(K82=1,G82<>"",G82<=F82),1,0) -> 0 | M82: =IF(AND(G82<>"",G82<Reporting!$B$4),1,0) -> 1 | N82: =IF(M82=1,G82-E82,"") -> 15.041667 | O82: =IF(E82>=Reporting!$B$4,"Outside cutoff",IF(M82=1,"Closed",IF(J82=1,"Overdue","Open - within SLA"))) -> Closed
A83: CASE-00078 | B83: Customer Services | C83: Record mismatch | D83: Low | E83: 46224.5 | F83: 46238.5 | G83: 46227.583 | H83: 1 | I83: =IF(AND(E83<Reporting!$B$4,OR(G83="",G83>=Reporting!$B$4)),1,0) -> 0 | J83: =IF(AND(I83=1,F83<Reporting!$B$4),1,0) -> 0 | K83: =IF(F83<Reporting!$B$4,1,0) -> 1 | L83: =IF(AND(K83=1,G83<>"",G83<=F83),1,0) -> 1 | M83: =IF(AND(G83<>"",G83<Reporting!$B$4),1,0) -> 1 | N83: =IF(M83=1,G83-E83,"") -> 3.0833333 | O83: =IF(E83>=Reporting!$B$4,"Outside cutoff",IF(M83=1,"Closed",IF(J83=1,"Overdue","Open - within SLA"))) -> Closed
A84: CASE-00079 | B84: Warehouse | C84: Process deviation | D84: Medium | E84: 46243.458 | F84: 46250.458 | H84: 2 | I84: =IF(AND(E84<Reporting!$B$4,OR(G84="",G84>=Reporting!$B$4)),1,0) -> 1 | J84: =IF(AND(I84=1,F84<Reporting!$B$4),1,0) -> 1 | K84: =IF(F84<Reporting!$B$4,1,0) -> 1 | L84: =IF(AND(K84=1,G84<>"",G84<=F84),1,0) -> 0 | M84: =IF(AND(G84<>"",G84<Reporting!$B$4),1,0) -> 0 | N84: =IF(M84=1,G84-E84,"") | O84: =IF(E84>=Reporting!$B$4,"Outside cutoff",IF(M84=1,"Closed",IF(J84=1,"Overdue","Open - within SLA"))) -> Overdue
A85: CASE-00080 | B85: Warehouse | C85: Process deviation | D85: Low | E85: 46223.333 | F85: 46237.333 | G85: 46238.333 | H85: 2 | I85: =IF(AND(E85<Reporting!$B$4,OR(G85="",G85>=Reporting!$B$4)),1,0) -> 0 | J85: =IF(AND(I85=1,F85<Reporting!$B$4),1,0) -> 0 | K85: =IF(F85<Reporting!$B$4,1,0) -> 1 | L85: =IF(AND(K85=1,G85<>"",G85<=F85),1,0) -> 0 | M85: =IF(AND(G85<>"",G85<Reporting!$B$4),1,0) -> 1 | N85: =IF(M85=1,G85-E85,"") -> 15 | O85: =IF(E85>=Reporting!$B$4,"Outside cutoff",IF(M85=1,"Closed",IF(J85=1,"Overdue","Open - within SLA"))) -> Closed
A86: CASE-00081 | B86: Customer Services | C86: Missing evidence | D86: High | E86: 46214.5 | F86: 46217.5 | G86: 46223.5 | H86: 1 | I86: =IF(AND(E86<Reporting!$B$4,OR(G86="",G86>=Reporting!$B$4)),1,0) -> 0 | J86: =IF(AND(I86=1,F86<Reporting!$B$4),1,0) -> 0 | K86: =IF(F86<Reporting!$B$4,1,0) -> 1 | L86: =IF(AND(K86=1,G86<>"",G86<=F86),1,0) -> 0 | M86: =IF(AND(G86<>"",G86<Reporting!$B$4),1,0) -> 1 | N86: =IF(M86=1,G86-E86,"") -> 9 | O86: =IF(E86>=Reporting!$B$4,"Outside cutoff",IF(M86=1,"Closed",IF(J86=1,"Overdue","Open - within SLA"))) -> Closed
A87: CASE-00082 | B87: Customer Services | C87: Record mismatch | D87: Medium | E87: 46270.375 | F87: 46277.375 | G87: 46278.375 | H87: 1 | I87: =IF(AND(E87<Reporting!$B$4,OR(G87="",G87>=Reporting!$B$4)),1,0) -> 0 | J87: =IF(AND(I87=1,F87<Reporting!$B$4),1,0) -> 0 | K87: =IF(F87<Reporting!$B$4,1,0) -> 1 | L87: =IF(AND(K87=1,G87<>"",G87<=F87),1,0) -> 0 | M87: =IF(AND(G87<>"",G87<Reporting!$B$4),1,0) -> 1 | N87: =IF(M87=1,G87-E87,"") -> 8 | O87: =IF(E87>=Reporting!$B$4,"Outside cutoff",IF(M87=1,"Closed",IF(J87=1,"Overdue","Open - within SLA"))) -> Closed
A88: CASE-00083 | B88: Warehouse | C88: Late review | D88: Medium | E88: 46269.417 | F88: 46276.417 | H88: 2 | I88: =IF(AND(E88<Reporting!$B$4,OR(G88="",G88>=Reporting!$B$4)),1,0) -> 1 | J88: =IF(AND(I88=1,F88<Reporting!$B$4),1,0) -> 1 | K88: =IF(F88<Reporting!$B$4,1,0) -> 1 | L88: =IF(AND(K88=1,G88<>"",G88<=F88),1,0) -> 0 | M88: =IF(AND(G88<>"",G88<Reporting!$B$4),1,0) -> 0 | N88: =IF(M88=1,G88-E88,"") | O88: =IF(E88>=Reporting!$B$4,"Outside cutoff",IF(M88=1,"Closed",IF(J88=1,"Overdue","Open - within SLA"))) -> Overdue
A89: CASE-00084 | B89: Installation | C89: Process deviation | D89: Low | E89: 46283.542 | F89: 46297.542 | G89: 46284.542 | H89: 3 | I89: =IF(AND(E89<Reporting!$B$4,OR(G89="",G89>=Reporting!$B$4)),1,0) -> 0 | J89: =IF(AND(I89=1,F89<Reporting!$B$4),1,0) -> 0 | K89: =IF(F89<Reporting!$B$4,1,0) -> 0 | L89: =IF(AND(K89=1,G89<>"",G89<=F89),1,0) -> 0 | M89: =IF(AND(G89<>"",G89<Reporting!$B$4),1,0) -> 1 | N89: =IF(M89=1,G89-E89,"") -> 1 | O89: =IF(E89>=Reporting!$B$4,"Outside cutoff",IF(M89=1,"Closed",IF(J89=1,"Overdue","Open - within SLA"))) -> Closed
A90: CASE-00085 | B90: Installation | C90: Process deviation | D90: High | E90: 46210.333 | F90: 46213.333 | G90: 46224.333 | H90: 3 | I90: =IF(AND(E90<Reporting!$B$4,OR(G90="",G90>=Reporting!$B$4)),1,0) -> 0 | J90: =IF(AND(I90=1,F90<Reporting!$B$4),1,0) -> 0 | K90: =IF(F90<Reporting!$B$4,1,0) -> 1 | L90: =IF(AND(K90=1,G90<>"",G90<=F90),1,0) -> 0 | M90: =IF(AND(G90<>"",G90<Reporting!$B$4),1,0) -> 1 | N90: =IF(M90=1,G90-E90,"") -> 14 | O90: =IF(E90>=Reporting!$B$4,"Outside cutoff",IF(M90=1,"Closed",IF(J90=1,"Overdue","Open - within SLA"))) -> Closed
A91: CASE-00086 | B91: Customer Services | C91: Process deviation | D91: Medium | E91: 46257.333 | F91: 46264.333 | G91: 46271.375 | H91: 1 | I91: =IF(AND(E91<Reporting!$B$4,OR(G91="",G91>=Reporting!$B$4)),1,0) -> 0 | J91: =IF(AND(I91=1,F91<Reporting!$B$4),1,0) -> 0 | K91: =IF(F91<Reporting!$B$4,1,0) -> 1 | L91: =IF(AND(K91=1,G91<>"",G91<=F91),1,0) -> 0 | M91: =IF(AND(G91<>"",G91<Reporting!$B$4),1,0) -> 1 | N91: =IF(M91=1,G91-E91,"") -> 14.041667 | O91: =IF(E91>=Reporting!$B$4,"Outside cutoff",IF(M91=1,"Closed",IF(J91=1,"Overdue","Open - within SLA"))) -> Closed
A92: CASE-00087 | B92: Customer Services | C92: Missing evidence | D92: Low | E92: 46215.333 | F92: 46229.333 | G92: 46231.375 | H92: 1 | I92: =IF(AND(E92<Reporting!$B$4,OR(G92="",G92>=Reporting!$B$4)),1,0) -> 0 | J92: =IF(AND(I92=1,F92<Reporting!$B$4),1,0) -> 0 | K92: =IF(F92<Reporting!$B$4,1,0) -> 1 | L92: =IF(AND(K92=1,G92<>"",G92<=F92),1,0) -> 0 | M92: =IF(AND(G92<>"",G92<Reporting!$B$4),1,0) -> 1 | N92: =IF(M92=1,G92-E92,"") -> 16.041667 | O92: =IF(E92>=Reporting!$B$4,"Outside cutoff",IF(M92=1,"Closed",IF(J92=1,"Overdue","Open - within SLA"))) -> Closed
A93: CASE-00088 | B93: Customer Services | C93: Record mismatch | D93: Medium | E93: 46212.583 | F93: 46219.583 | G93: 46216.583 | H93: 1 | I93: =IF(AND(E93<Reporting!$B$4,OR(G93="",G93>=Reporting!$B$4)),1,0) -> 0 | J93: =IF(AND(I93=1,F93<Reporting!$B$4),1,0) -> 0 | K93: =IF(F93<Reporting!$B$4,1,0) -> 1 | L93: =IF(AND(K93=1,G93<>"",G93<=F93),1,0) -> 1 | M93: =IF(AND(G93<>"",G93<Reporting!$B$4),1,0) -> 1 | N93: =IF(M93=1,G93-E93,"") -> 4 | O93: =IF(E93>=Reporting!$B$4,"Outside cutoff",IF(M93=1,"Closed",IF(J93=1,"Overdue","Open - within SLA"))) -> Closed
A94: CASE-00089 | B94: Customer Services | C94: Missing evidence | D94: High | E94: 46270.583 | F94: 46273.583 | G94: 46271.583 | H94: 1 | I94: =IF(AND(E94<Reporting!$B$4,OR(G94="",G94>=Reporting!$B$4)),1,0) -> 0 | J94: =IF(AND(I94=1,F94<Reporting!$B$4),1,0) -> 0 | K94: =IF(F94<Reporting!$B$4,1,0) -> 1 | L94: =IF(AND(K94=1,G94<>"",G94<=F94),1,0) -> 1 | M94: =IF(AND(G94<>"",G94<Reporting!$B$4),1,0) -> 1 | N94: =IF(M94=1,G94-E94,"") -> 1 | O94: =IF(E94>=Reporting!$B$4,"Outside cutoff",IF(M94=1,"Closed",IF(J94=1,"Overdue","Open - within SLA"))) -> Closed
A95: CASE-00090 | B95: Customer Services | C95: Missing evidence | D95: Low | E95: 46212.417 | F95: 46226.417 | G95: 46215.417 | H95: 1 | I95: =IF(AND(E95<Reporting!$B$4,OR(G95="",G95>=Reporting!$B$4)),1,0) -> 0 | J95: =IF(AND(I95=1,F95<Reporting!$B$4),1,0) -> 0 | K95: =IF(F95<Reporting!$B$4,1,0) -> 1 | L95: =IF(AND(K95=1,G95<>"",G95<=F95),1,0) -> 1 | M95: =IF(AND(G95<>"",G95<Reporting!$B$4),1,0) -> 1 | N95: =IF(M95=1,G95-E95,"") -> 3 | O95: =IF(E95>=Reporting!$B$4,"Outside cutoff",IF(M95=1,"Closed",IF(J95=1,"Overdue","Open - within SLA"))) -> Closed
A96: CASE-00091 | B96: Customer Services | C96: Late review | D96: High | E96: 46227.667 | F96: 46230.667 | G96: 46242.708 | H96: 1 | I96: =IF(AND(E96<Reporting!$B$4,OR(G96="",G96>=Reporting!$B$4)),1,0) -> 0 | J96: =IF(AND(I96=1,F96<Reporting!$B$4),1,0) -> 0 | K96: =IF(F96<Reporting!$B$4,1,0) -> 1 | L96: =IF(AND(K96=1,G96<>"",G96<=F96),1,0) -> 0 | M96: =IF(AND(G96<>"",G96<Reporting!$B$4),1,0) -> 1 | N96: =IF(M96=1,G96-E96,"") -> 15.041667 | O96: =IF(E96>=Reporting!$B$4,"Outside cutoff",IF(M96=1,"Closed",IF(J96=1,"Overdue","Open - within SLA"))) -> Closed
A97: CASE-00092 | B97: Installation | C97: Record mismatch | D97: High | E97: 46213.667 | F97: 46216.667 | G97: 46218.667 | H97: 3 | I97: =IF(AND(E97<Reporting!$B$4,OR(G97="",G97>=Reporting!$B$4)),1,0) -> 0 | J97: =IF(AND(I97=1,F97<Reporting!$B$4),1,0) -> 0 | K97: =IF(F97<Reporting!$B$4,1,0) -> 1 | L97: =IF(AND(K97=1,G97<>"",G97<=F97),1,0) -> 0 | M97: =IF(AND(G97<>"",G97<Reporting!$B$4),1,0) -> 1 | N97: =IF(M97=1,G97-E97,"") -> 5 | O97: =IF(E97>=Reporting!$B$4,"Outside cutoff",IF(M97=1,"Closed",IF(J97=1,"Overdue","Open - within SLA"))) -> Closed
A98: CASE-00093 | B98: Installation | C98: Late review | D98: Low | E98: 46239.542 | F98: 46253.542 | G98: 46240.625 | H98: 3 | I98: =IF(AND(E98<Reporting!$B$4,OR(G98="",G98>=Reporting!$B$4)),1,0) -> 0 | J98: =IF(AND(I98=1,F98<Reporting!$B$4),1,0) -> 0 | K98: =IF(F98<Reporting!$B$4,1,0) -> 1 | L98: =IF(AND(K98=1,G98<>"",G98<=F98),1,0) -> 1 | M98: =IF(AND(G98<>"",G98<Reporting!$B$4),1,0) -> 1 | N98: =IF(M98=1,G98-E98,"") -> 1.0833333 | O98: =IF(E98>=Reporting!$B$4,"Outside cutoff",IF(M98=1,"Closed",IF(J98=1,"Overdue","Open - within SLA"))) -> Closed
A99: CASE-00094 | B99: Customer Services | C99: Late review | D99: Medium | E99: 46226.375 | F99: 46233.375 | G99: 46237.375 | H99: 1 | I99: =IF(AND(E99<Reporting!$B$4,OR(G99="",G99>=Reporting!$B$4)),1,0) -> 0 | J99: =IF(AND(I99=1,F99<Reporting!$B$4),1,0) -> 0 | K99: =IF(F99<Reporting!$B$4,1,0) -> 1 | L99: =IF(AND(K99=1,G99<>"",G99<=F99),1,0) -> 0 | M99: =IF(AND(G99<>"",G99<Reporting!$B$4),1,0) -> 1 | N99: =IF(M99=1,G99-E99,"") -> 11 | O99: =IF(E99>=Reporting!$B$4,"Outside cutoff",IF(M99=1,"Closed",IF(J99=1,"Overdue","Open - within SLA"))) -> Closed
A100: CASE-00095 | B100: Warehouse | C100: Late review | D100: Medium | E100: 46209.625 | F100: 46216.625 | G100: 46220.625 | H100: 2 | I100: =IF(AND(E100<Reporting!$B$4,OR(G100="",G100>=Reporting!$B$4)),1,0) -> 0 | J100: =IF(AND(I100=1,F100<Reporting!$B$4),1,0) -> 0 | K100: =IF(F100<Reporting!$B$4,1,0) -> 1 | L100: =IF(AND(K100=1,G100<>"",G100<=F100),1,0) -> 0 | M100: =IF(AND(G100<>"",G100<Reporting!$B$4),1,0) -> 1 | N100: =IF(M100=1,G100-E100,"") -> 11 | O100: =IF(E100>=Reporting!$B$4,"Outside cutoff",IF(M100=1,"Closed",IF(J100=1,"Overdue","Open - within SLA"))) -> Closed
A101: CASE-00096 | B101: Customer Services | C101: Record mismatch | D101: Medium | E101: 46240.583 | F101: 46247.583 | G101: 46251.625 | H101: 1 | I101: =IF(AND(E101<Reporting!$B$4,OR(G101="",G101>=Reporting!$B$4)),1,0) -> 0 | J101: =IF(AND(I101=1,F101<Reporting!$B$4),1,0) -> 0 | K101: =IF(F101<Reporting!$B$4,1,0) -> 1 | L101: =IF(AND(K101=1,G101<>"",G101<=F101),1,0) -> 0 | M101: =IF(AND(G101<>"",G101<Reporting!$B$4),1,0) -> 1 | N101: =IF(M101=1,G101-E101,"") -> 11.041667 | O101: =IF(E101>=Reporting!$B$4,"Outside cutoff",IF(M101=1,"Closed",IF(J101=1,"Overdue","Open - within SLA"))) -> Closed
A102: CASE-00097 | B102: Installation | C102: Process deviation | D102: Low | E102: 46277.375 | F102: 46291.375 | H102: 3 | I102: =IF(AND(E102<Reporting!$B$4,OR(G102="",G102>=Reporting!$B$4)),1,0) -> 1 | J102: =IF(AND(I102=1,F102<Reporting!$B$4),1,0) -> 0 | K102: =IF(F102<Reporting!$B$4,1,0) -> 0 | L102: =IF(AND(K102=1,G102<>"",G102<=F102),1,0) -> 0 | M102: =IF(AND(G102<>"",G102<Reporting!$B$4),1,0) -> 0 | N102: =IF(M102=1,G102-E102,"") | O102: =IF(E102>=Reporting!$B$4,"Outside cutoff",IF(M102=1,"Closed",IF(J102=1,"Overdue","Open - within SLA"))) -> Open - within SLA
A103: CASE-00098 | B103: Installation | C103: Process deviation | D103: Low | E103: 46264.667 | F103: 46278.667 | G103: 46275.75 | H103: 3 | I103: =IF(AND(E103<Reporting!$B$4,OR(G103="",G103>=Reporting!$B$4)),1,0) -> 0 | J103: =IF(AND(I103=1,F103<Reporting!$B$4),1,0) -> 0 | K103: =IF(F103<Reporting!$B$4,1,0) -> 1 | L103: =IF(AND(K103=1,G103<>"",G103<=F103),1,0) -> 1 | M103: =IF(AND(G103<>"",G103<Reporting!$B$4),1,0) -> 1 | N103: =IF(M103=1,G103-E103,"") -> 11.083333 | O103: =IF(E103>=Reporting!$B$4,"Outside cutoff",IF(M103=1,"Closed",IF(J103=1,"Overdue","Open - within SLA"))) -> Closed
A104: CASE-00099 | B104: Warehouse | C104: Late review | D104: Low | E104: 46244.417 | F104: 46258.417 | G104: 46259.417 | H104: 2 | I104: =IF(AND(E104<Reporting!$B$4,OR(G104="",G104>=Reporting!$B$4)),1,0) -> 0 | J104: =IF(AND(I104=1,F104<Reporting!$B$4),1,0) -> 0 | K104: =IF(F104<Reporting!$B$4,1,0) -> 1 | L104: =IF(AND(K104=1,G104<>"",G104<=F104),1,0) -> 0 | M104: =IF(AND(G104<>"",G104<Reporting!$B$4),1,0) -> 1 | N104: =IF(M104=1,G104-E104,"") -> 15 | O104: =IF(E104>=Reporting!$B$4,"Outside cutoff",IF(M104=1,"Closed",IF(J104=1,"Overdue","Open - within SLA"))) -> Closed
...

Sheet Runs
A1: Report freshness and publication controls
A3: Four controlled tests executed on 27 Sep 2026. Evaluation times simulate source freshness and deadlines; these are not historical scheduled runs. Blocked runs preserve the latest successful report.
A6: Scenario | B6: Status | C6: Input rows | D6: Accepted | E6: Issues | F6: Age (min) | G6: Runtime (ms) | H6: Published? | I6: MySQL | J6: Evaluated UTC
A7: clean | B7: ON_TIME | C7: 1200 | D7: 1200 | E7: 0 | F7: 5 | G7: 468 | H7: Yes | I7: 8.4.11 | J7: 46292.416
A8: dirty | B8: BLOCKED_DATA | C8: 1201 | D8: 1194 | E8: 7 | F8: 10 | G8: 3 | H8: No | I8: Not queried | J8: 46292.419
A9: stale | B9: BLOCKED_STALE | C9: 1200 | D9: 1200 | E9: 0 | F9: 60 | G9: 2.9 | H9: No | I9: Not queried | J9: 46292.454
A10: late | B10: LATE | C10: 1200 | D10: 1200 | E10: 0 | F10: 25 | G10: 424.7 | H10: Yes | I10: 8.4.11 | J10: 46292.43
A13: Data checks: unique keys, valid departments/categories/priorities, parseable dates, chronological order and snapshot boundaries. The dirty fixture has 1,201 rows; both duplicate occurrences are rejected, leaving 1,194 acceptable rows. Any data issue blocks publication.
A17: Freshness: source age must be 0-30 minutes. Valid but late runs are labelled LATE and may publish; invalid or stale runs cannot. Source SHA-256 and real execution timestamps are retained in the evidence files. All headline, department and 100 period-row results were reconciled independently.
A21: Production next steps: agree metric definitions with stakeholders, connect an authorised source, configure credentials and scheduling, then test alert delivery, retries and ownership. No scheduler, email transport or production connection is installed in this demonstration.
